experiment,experiment_label,negative_strategy,feature_set,model_name,feature_name,importance,abs_importance,rank
A_random_negatives_raw_features,A) random_negatives + raw_features,random_negatives,raw_features,LogisticRegressionElasticNet,mutation_count,-1.6125449619622831,1.6125449619622831,1
A_random_negatives_raw_features,A) random_negatives + raw_features,random_negatives,raw_features,LogisticRegressionElasticNet,mean_tumor_expression,-1.2059634858630055,1.2059634858630055,2
A_random_negatives_raw_features,A) random_negatives + raw_features,random_negatives,raw_features,LogisticRegressionElasticNet,median_tumor_expression,1.0544597408972987,1.0544597408972987,3
A_random_negatives_raw_features,A) random_negatives + raw_features,random_negatives,raw_features,LogisticRegressionElasticNet,mutated_samples,0.9512770027279968,0.9512770027279968,4
A_random_negatives_raw_features,A) random_negatives + raw_features,random_negatives,raw_features,LogisticRegressionElasticNet,mutated_patients,0.6701477797092961,0.6701477797092961,5
A_random_negatives_raw_features,A) random_negatives + raw_features,random_negatives,raw_features,LogisticRegressionElasticNet,nonsynonymous_mutation_count,0.6384610987964074,0.6384610987964074,6
A_random_negatives_raw_features,A) random_negatives + raw_features,random_negatives,raw_features,LogisticRegressionElasticNet,expression_detected_samples,0.15215162043601813,0.15215162043601813,7
A_random_negatives_raw_features,A) random_negatives + raw_features,random_negatives,raw_features,LogisticRegressionElasticNet,expression_detection_rate,0.15215162043600058,0.15215162043600058,8
A_random_negatives_raw_features,A) random_negatives + raw_features,random_negatives,raw_features,LogisticRegressionElasticNet,max_tumor_expression,0.10649531957395529,0.10649531957395529,9
A_random_negatives_raw_features,A) random_negatives + raw_features,random_negatives,raw_features,LogisticRegressionElasticNet,nonsense_count,0.10112431350989107,0.10112431350989107,10
A_random_negatives_raw_features,A) random_negatives + raw_features,random_negatives,raw_features,LogisticRegressionElasticNet,frameshift_count,0.07180183076819499,0.07180183076819499,11
A_random_negatives_raw_features,A) random_negatives + raw_features,random_negatives,raw_features,LogisticRegressionElasticNet,missense_count,0.02557375209757281,0.02557375209757281,12
A_random_negatives_raw_features,A) random_negatives + raw_features,random_negatives,raw_features,RandomForestClassifier,max_tumor_expression,0.17214157798710547,0.17214157798710547,1
A_random_negatives_raw_features,A) random_negatives + raw_features,random_negatives,raw_features,RandomForestClassifier,mean_tumor_expression,0.16553604335573152,0.16553604335573152,2
A_random_negatives_raw_features,A) random_negatives + raw_features,random_negatives,raw_features,RandomForestClassifier,median_tumor_expression,0.1490592144971539,0.1490592144971539,3
A_random_negatives_raw_features,A) random_negatives + raw_features,random_negatives,raw_features,RandomForestClassifier,nonsynonymous_mutation_count,0.0732462151126881,0.0732462151126881,4
A_random_negatives_raw_features,A) random_negatives + raw_features,random_negatives,raw_features,RandomForestClassifier,missense_count,0.06836379274157862,0.06836379274157862,5
A_random_negatives_raw_features,A) random_negatives + raw_features,random_negatives,raw_features,RandomForestClassifier,mutated_patients,0.0677482384925481,0.0677482384925481,6
A_random_negatives_raw_features,A) random_negatives + raw_features,random_negatives,raw_features,RandomForestClassifier,mutated_samples,0.06454982807711519,0.06454982807711519,7
A_random_negatives_raw_features,A) random_negatives + raw_features,random_negatives,raw_features,RandomForestClassifier,mutation_count,0.06448952558830082,0.06448952558830082,8
A_random_negatives_raw_features,A) random_negatives + raw_features,random_negatives,raw_features,RandomForestClassifier,expression_detected_samples,0.0597630389114276,0.0597630389114276,9
A_random_negatives_raw_features,A) random_negatives + raw_features,random_negatives,raw_features,RandomForestClassifier,expression_detection_rate,0.0594319085354798,0.0594319085354798,10
A_random_negatives_raw_features,A) random_negatives + raw_features,random_negatives,raw_features,RandomForestClassifier,nonsense_count,0.032311967324198713,0.032311967324198713,11
A_random_negatives_raw_features,A) random_negatives + raw_features,random_negatives,raw_features,RandomForestClassifier,frameshift_count,0.023358649376672168,0.023358649376672168,12
A_random_negatives_raw_features,A) random_negatives + raw_features,random_negatives,raw_features,XGBoost,mutated_patients,0.17256934940814972,0.17256934940814972,1
A_random_negatives_raw_features,A) random_negatives + raw_features,random_negatives,raw_features,XGBoost,mutated_samples,0.15470163524150848,0.15470163524150848,2
A_random_negatives_raw_features,A) random_negatives + raw_features,random_negatives,raw_features,XGBoost,nonsynonymous_mutation_count,0.10134242475032806,0.10134242475032806,3
A_random_negatives_raw_features,A) random_negatives + raw_features,random_negatives,raw_features,XGBoost,mean_tumor_expression,0.09229472279548645,0.09229472279548645,4
A_random_negatives_raw_features,A) random_negatives + raw_features,random_negatives,raw_features,XGBoost,max_tumor_expression,0.07420582324266434,0.07420582324266434,5
A_random_negatives_raw_features,A) random_negatives + raw_features,random_negatives,raw_features,XGBoost,expression_detected_samples,0.07211588323116302,0.07211588323116302,6
A_random_negatives_raw_features,A) random_negatives + raw_features,random_negatives,raw_features,XGBoost,median_tumor_expression,0.07138960063457489,0.07138960063457489,7
A_random_negatives_raw_features,A) random_negatives + raw_features,random_negatives,raw_features,XGBoost,frameshift_count,0.06976175308227539,0.06976175308227539,8
A_random_negatives_raw_features,A) random_negatives + raw_features,random_negatives,raw_features,XGBoost,nonsense_count,0.06929987668991089,0.06929987668991089,9
A_random_negatives_raw_features,A) random_negatives + raw_features,random_negatives,raw_features,XGBoost,missense_count,0.06432042270898819,0.06432042270898819,10
A_random_negatives_raw_features,A) random_negatives + raw_features,random_negatives,raw_features,XGBoost,mutation_count,0.05799844115972519,0.05799844115972519,11
A_random_negatives_raw_features,A) random_negatives + raw_features,random_negatives,raw_features,XGBoost,expression_detection_rate,0.0,0.0,12
B_clean_negatives_raw_features,B) clean_negatives + raw_features,clean_negatives,raw_features,LogisticRegressionElasticNet,mutation_count,-1.279699779848613,1.279699779848613,1
B_clean_negatives_raw_features,B) clean_negatives + raw_features,clean_negatives,raw_features,LogisticRegressionElasticNet,mean_tumor_expression,-1.2640289242447353,1.2640289242447353,2
B_clean_negatives_raw_features,B) clean_negatives + raw_features,clean_negatives,raw_features,LogisticRegressionElasticNet,median_tumor_expression,1.1279873318336695,1.1279873318336695,3
B_clean_negatives_raw_features,B) clean_negatives + raw_features,clean_negatives,raw_features,LogisticRegressionElasticNet,nonsynonymous_mutation_count,0.7305988101906946,0.7305988101906946,4
B_clean_negatives_raw_features,B) clean_negatives + raw_features,clean_negatives,raw_features,LogisticRegressionElasticNet,mutated_patients,0.6627338667038782,0.6627338667038782,5
B_clean_negatives_raw_features,B) clean_negatives + raw_features,clean_negatives,raw_features,LogisticRegressionElasticNet,mutated_samples,0.5954512473195418,0.5954512473195418,6
B_clean_negatives_raw_features,B) clean_negatives + raw_features,clean_negatives,raw_features,LogisticRegressionElasticNet,expression_detection_rate,0.1565114801817898,0.1565114801817898,7
B_clean_negatives_raw_features,B) clean_negatives + raw_features,clean_negatives,raw_features,LogisticRegressionElasticNet,expression_detected_samples,0.15651148018172903,0.15651148018172903,8
B_clean_negatives_raw_features,B) clean_negatives + raw_features,clean_negatives,raw_features,LogisticRegressionElasticNet,missense_count,0.14481394540633435,0.14481394540633435,9
B_clean_negatives_raw_features,B) clean_negatives + raw_features,clean_negatives,raw_features,LogisticRegressionElasticNet,max_tumor_expression,0.12343663374588182,0.12343663374588182,10
B_clean_negatives_raw_features,B) clean_negatives + raw_features,clean_negatives,raw_features,LogisticRegressionElasticNet,nonsense_count,0.05541966001657243,0.05541966001657243,11
B_clean_negatives_raw_features,B) clean_negatives + raw_features,clean_negatives,raw_features,LogisticRegressionElasticNet,frameshift_count,0.04086261241848573,0.04086261241848573,12
B_clean_negatives_raw_features,B) clean_negatives + raw_features,clean_negatives,raw_features,RandomForestClassifier,max_tumor_expression,0.17522870484696382,0.17522870484696382,1
B_clean_negatives_raw_features,B) clean_negatives + raw_features,clean_negatives,raw_features,RandomForestClassifier,mean_tumor_expression,0.16642044618227442,0.16642044618227442,2
B_clean_negatives_raw_features,B) clean_negatives + raw_features,clean_negatives,raw_features,RandomForestClassifier,median_tumor_expression,0.15136606652752554,0.15136606652752554,3
B_clean_negatives_raw_features,B) clean_negatives + raw_features,clean_negatives,raw_features,RandomForestClassifier,nonsynonymous_mutation_count,0.07196072567521582,0.07196072567521582,4
B_clean_negatives_raw_features,B) clean_negatives + raw_features,clean_negatives,raw_features,RandomForestClassifier,missense_count,0.06847620195914723,0.06847620195914723,5
B_clean_negatives_raw_features,B) clean_negatives + raw_features,clean_negatives,raw_features,RandomForestClassifier,mutated_patients,0.06710242647291832,0.06710242647291832,6
B_clean_negatives_raw_features,B) clean_negatives + raw_features,clean_negatives,raw_features,RandomForestClassifier,mutation_count,0.06453741099037687,0.06453741099037687,7
B_clean_negatives_raw_features,B) clean_negatives + raw_features,clean_negatives,raw_features,RandomForestClassifier,mutated_samples,0.06337952734267524,0.06337952734267524,8
B_clean_negatives_raw_features,B) clean_negatives + raw_features,clean_negatives,raw_features,RandomForestClassifier,expression_detected_samples,0.058878394918594285,0.058878394918594285,9
B_clean_negatives_raw_features,B) clean_negatives + raw_features,clean_negatives,raw_features,RandomForestClassifier,expression_detection_rate,0.05857027809178866,0.05857027809178866,10
B_clean_negatives_raw_features,B) clean_negatives + raw_features,clean_negatives,raw_features,RandomForestClassifier,nonsense_count,0.031252580331519335,0.031252580331519335,11
B_clean_negatives_raw_features,B) clean_negatives + raw_features,clean_negatives,raw_features,RandomForestClassifier,frameshift_count,0.022827236661000328,0.022827236661000328,12
B_clean_negatives_raw_features,B) clean_negatives + raw_features,clean_negatives,raw_features,XGBoost,mutated_patients,0.21092037856578827,0.21092037856578827,1
B_clean_negatives_raw_features,B) clean_negatives + raw_features,clean_negatives,raw_features,XGBoost,nonsynonymous_mutation_count,0.11973530054092407,0.11973530054092407,2
B_clean_negatives_raw_features,B) clean_negatives + raw_features,clean_negatives,raw_features,XGBoost,mutated_samples,0.09632483869791031,0.09632483869791031,3
B_clean_negatives_raw_features,B) clean_negatives + raw_features,clean_negatives,raw_features,XGBoost,expression_detected_samples,0.08702502399682999,0.08702502399682999,4
B_clean_negatives_raw_features,B) clean_negatives + raw_features,clean_negatives,raw_features,XGBoost,max_tumor_expression,0.08440662175416946,0.08440662175416946,5
B_clean_negatives_raw_features,B) clean_negatives + raw_features,clean_negatives,raw_features,XGBoost,mean_tumor_expression,0.08127817511558533,0.08127817511558533,6
B_clean_negatives_raw_features,B) clean_negatives + raw_features,clean_negatives,raw_features,XGBoost,median_tumor_expression,0.07528014481067657,0.07528014481067657,7
B_clean_negatives_raw_features,B) clean_negatives + raw_features,clean_negatives,raw_features,XGBoost,missense_count,0.07289908081293106,0.07289908081293106,8
B_clean_negatives_raw_features,B) clean_negatives + raw_features,clean_negatives,raw_features,XGBoost,mutation_count,0.060208264738321304,0.060208264738321304,9
B_clean_negatives_raw_features,B) clean_negatives + raw_features,clean_negatives,raw_features,XGBoost,nonsense_count,0.05674363672733307,0.05674363672733307,10
B_clean_negatives_raw_features,B) clean_negatives + raw_features,clean_negatives,raw_features,XGBoost,frameshift_count,0.05517857149243355,0.05517857149243355,11
B_clean_negatives_raw_features,B) clean_negatives + raw_features,clean_negatives,raw_features,XGBoost,expression_detection_rate,0.0,0.0,12
C_random_negatives_raw_plus_safety_raw,C) random_negatives + raw_plus_safety_raw,random_negatives,raw_plus_safety_raw,LogisticRegressionElasticNet,mutation_count,-1.6274727419737316,1.6274727419737316,1
C_random_negatives_raw_plus_safety_raw,C) random_negatives + raw_plus_safety_raw,random_negatives,raw_plus_safety_raw,LogisticRegressionElasticNet,mean_tumor_expression,-1.1328712254733357,1.1328712254733357,2
C_random_negatives_raw_plus_safety_raw,C) random_negatives + raw_plus_safety_raw,random_negatives,raw_plus_safety_raw,LogisticRegressionElasticNet,mutated_samples,0.9565269942091361,0.9565269942091361,3
C_random_negatives_raw_plus_safety_raw,C) random_negatives + raw_plus_safety_raw,random_negatives,raw_plus_safety_raw,LogisticRegressionElasticNet,median_tumor_expression,0.8831863414536744,0.8831863414536744,4
C_random_negatives_raw_plus_safety_raw,C) random_negatives + raw_plus_safety_raw,random_negatives,raw_plus_safety_raw,LogisticRegressionElasticNet,mutated_patients,0.668969654589727,0.668969654589727,5
C_random_negatives_raw_plus_safety_raw,C) random_negatives + raw_plus_safety_raw,random_negatives,raw_plus_safety_raw,LogisticRegressionElasticNet,nonsynonymous_mutation_count,0.6548909727270559,0.6548909727270559,6
C_random_negatives_raw_plus_safety_raw,C) random_negatives + raw_plus_safety_raw,random_negatives,raw_plus_safety_raw,LogisticRegressionElasticNet,expression_detection_rate,0.15040056715780634,0.15040056715780634,7
C_random_negatives_raw_plus_safety_raw,C) random_negatives + raw_plus_safety_raw,random_negatives,raw_plus_safety_raw,LogisticRegressionElasticNet,expression_detected_samples,0.150400567157798,0.150400567157798,8
C_random_negatives_raw_plus_safety_raw,C) random_negatives + raw_plus_safety_raw,random_negatives,raw_plus_safety_raw,LogisticRegressionElasticNet,normal_lung_tpm,0.12671422749704767,0.12671422749704767,9
C_random_negatives_raw_plus_safety_raw,C) random_negatives + raw_plus_safety_raw,random_negatives,raw_plus_safety_raw,LogisticRegressionElasticNet,nonsense_count,0.10107843420332771,0.10107843420332771,10
C_random_negatives_raw_plus_safety_raw,C) random_negatives + raw_plus_safety_raw,random_negatives,raw_plus_safety_raw,LogisticRegressionElasticNet,max_tumor_expression,0.09876204337595063,0.09876204337595063,11
C_random_negatives_raw_plus_safety_raw,C) random_negatives + raw_plus_safety_raw,random_negatives,raw_plus_safety_raw,LogisticRegressionElasticNet,frameshift_count,0.07053390108738544,0.07053390108738544,12
C_random_negatives_raw_plus_safety_raw,C) random_negatives + raw_plus_safety_raw,random_negatives,raw_plus_safety_raw,LogisticRegressionElasticNet,missense_count,0.020870422697836094,0.020870422697836094,13
C_random_negatives_raw_plus_safety_raw,C) random_negatives + raw_plus_safety_raw,random_negatives,raw_plus_safety_raw,RandomForestClassifier,max_tumor_expression,0.14166618044602325,0.14166618044602325,1
C_random_negatives_raw_plus_safety_raw,C) random_negatives + raw_plus_safety_raw,random_negatives,raw_plus_safety_raw,RandomForestClassifier,mean_tumor_expression,0.13507425322870464,0.13507425322870464,2
C_random_negatives_raw_plus_safety_raw,C) random_negatives + raw_plus_safety_raw,random_negatives,raw_plus_safety_raw,RandomForestClassifier,normal_lung_tpm,0.12992824194065644,0.12992824194065644,3
C_random_negatives_raw_plus_safety_raw,C) random_negatives + raw_plus_safety_raw,random_negatives,raw_plus_safety_raw,RandomForestClassifier,median_tumor_expression,0.1217611541856781,0.1217611541856781,4
C_random_negatives_raw_plus_safety_raw,C) random_negatives + raw_plus_safety_raw,random_negatives,raw_plus_safety_raw,RandomForestClassifier,nonsynonymous_mutation_count,0.06750645648388974,0.06750645648388974,5
C_random_negatives_raw_plus_safety_raw,C) random_negatives + raw_plus_safety_raw,random_negatives,raw_plus_safety_raw,RandomForestClassifier,mutation_count,0.06347917177801447,0.06347917177801447,6
C_random_negatives_raw_plus_safety_raw,C) random_negatives + raw_plus_safety_raw,random_negatives,raw_plus_safety_raw,RandomForestClassifier,mutated_patients,0.062176140819811515,0.062176140819811515,7
C_random_negatives_raw_plus_safety_raw,C) random_negatives + raw_plus_safety_raw,random_negatives,raw_plus_safety_raw,RandomForestClassifier,mutated_samples,0.06149033861577279,0.06149033861577279,8
C_random_negatives_raw_plus_safety_raw,C) random_negatives + raw_plus_safety_raw,random_negatives,raw_plus_safety_raw,RandomForestClassifier,missense_count,0.06130130623858475,0.06130130623858475,9
C_random_negatives_raw_plus_safety_raw,C) random_negatives + raw_plus_safety_raw,random_negatives,raw_plus_safety_raw,RandomForestClassifier,expression_detected_samples,0.05278609059267066,0.05278609059267066,10
C_random_negatives_raw_plus_safety_raw,C) random_negatives + raw_plus_safety_raw,random_negatives,raw_plus_safety_raw,RandomForestClassifier,expression_detection_rate,0.05190470361980465,0.05190470361980465,11
C_random_negatives_raw_plus_safety_raw,C) random_negatives + raw_plus_safety_raw,random_negatives,raw_plus_safety_raw,RandomForestClassifier,nonsense_count,0.02973205203484168,0.02973205203484168,12
C_random_negatives_raw_plus_safety_raw,C) random_negatives + raw_plus_safety_raw,random_negatives,raw_plus_safety_raw,RandomForestClassifier,frameshift_count,0.0211939100155472,0.0211939100155472,13
C_random_negatives_raw_plus_safety_raw,C) random_negatives + raw_plus_safety_raw,random_negatives,raw_plus_safety_raw,XGBoost,mutated_patients,0.16163456439971924,0.16163456439971924,1
C_random_negatives_raw_plus_safety_raw,C) random_negatives + raw_plus_safety_raw,random_negatives,raw_plus_safety_raw,XGBoost,mutated_samples,0.145319864153862,0.145319864153862,2
C_random_negatives_raw_plus_safety_raw,C) random_negatives + raw_plus_safety_raw,random_negatives,raw_plus_safety_raw,XGBoost,nonsynonymous_mutation_count,0.111683189868927,0.111683189868927,3
C_random_negatives_raw_plus_safety_raw,C) random_negatives + raw_plus_safety_raw,random_negatives,raw_plus_safety_raw,XGBoost,mean_tumor_expression,0.07913156598806381,0.07913156598806381,4
C_random_negatives_raw_plus_safety_raw,C) random_negatives + raw_plus_safety_raw,random_negatives,raw_plus_safety_raw,XGBoost,max_tumor_expression,0.06975313276052475,0.06975313276052475,5
C_random_negatives_raw_plus_safety_raw,C) random_negatives + raw_plus_safety_raw,random_negatives,raw_plus_safety_raw,XGBoost,nonsense_count,0.0676654577255249,0.0676654577255249,6
C_random_negatives_raw_plus_safety_raw,C) random_negatives + raw_plus_safety_raw,random_negatives,raw_plus_safety_raw,XGBoost,expression_detected_samples,0.06644784659147263,0.06644784659147263,7
C_random_negatives_raw_plus_safety_raw,C) random_negatives + raw_plus_safety_raw,random_negatives,raw_plus_safety_raw,XGBoost,missense_count,0.06397420167922974,0.06397420167922974,8
C_random_negatives_raw_plus_safety_raw,C) random_negatives + raw_plus_safety_raw,random_negatives,raw_plus_safety_raw,XGBoost,median_tumor_expression,0.06354193389415741,0.06354193389415741,9
C_random_negatives_raw_plus_safety_raw,C) random_negatives + raw_plus_safety_raw,random_negatives,raw_plus_safety_raw,XGBoost,normal_lung_tpm,0.06106380373239517,0.06106380373239517,10
C_random_negatives_raw_plus_safety_raw,C) random_negatives + raw_plus_safety_raw,random_negatives,raw_plus_safety_raw,XGBoost,frameshift_count,0.05563247576355934,0.05563247576355934,11
C_random_negatives_raw_plus_safety_raw,C) random_negatives + raw_plus_safety_raw,random_negatives,raw_plus_safety_raw,XGBoost,mutation_count,0.05415203794836998,0.05415203794836998,12
C_random_negatives_raw_plus_safety_raw,C) random_negatives + raw_plus_safety_raw,random_negatives,raw_plus_safety_raw,XGBoost,expression_detection_rate,0.0,0.0,13
D_clean_negatives_raw_plus_safety_raw,D) clean_negatives + raw_plus_safety_raw,clean_negatives,raw_plus_safety_raw,LogisticRegressionElasticNet,mutation_count,-1.2862952700908274,1.2862952700908274,1
D_clean_negatives_raw_plus_safety_raw,D) clean_negatives + raw_plus_safety_raw,clean_negatives,raw_plus_safety_raw,LogisticRegressionElasticNet,mean_tumor_expression,-1.1357146407287841,1.1357146407287841,2
D_clean_negatives_raw_plus_safety_raw,D) clean_negatives + raw_plus_safety_raw,clean_negatives,raw_plus_safety_raw,LogisticRegressionElasticNet,median_tumor_expression,0.9174630378875022,0.9174630378875022,3
D_clean_negatives_raw_plus_safety_raw,D) clean_negatives + raw_plus_safety_raw,clean_negatives,raw_plus_safety_raw,LogisticRegressionElasticNet,nonsynonymous_mutation_count,0.7152565685718121,0.7152565685718121,4
D_clean_negatives_raw_plus_safety_raw,D) clean_negatives + raw_plus_safety_raw,clean_negatives,raw_plus_safety_raw,LogisticRegressionElasticNet,mutated_patients,0.6727113036201207,0.6727113036201207,5
D_clean_negatives_raw_plus_safety_raw,D) clean_negatives + raw_plus_safety_raw,clean_negatives,raw_plus_safety_raw,LogisticRegressionElasticNet,mutated_samples,0.5888159001559116,0.5888159001559116,6
D_clean_negatives_raw_plus_safety_raw,D) clean_negatives + raw_plus_safety_raw,clean_negatives,raw_plus_safety_raw,LogisticRegressionElasticNet,missense_count,0.16554163721584356,0.16554163721584356,7
D_clean_negatives_raw_plus_safety_raw,D) clean_negatives + raw_plus_safety_raw,clean_negatives,raw_plus_safety_raw,LogisticRegressionElasticNet,expression_detection_rate,0.15260795840870625,0.15260795840870625,8
D_clean_negatives_raw_plus_safety_raw,D) clean_negatives + raw_plus_safety_raw,clean_negatives,raw_plus_safety_raw,LogisticRegressionElasticNet,expression_detected_samples,0.15260795840865501,0.15260795840865501,9
D_clean_negatives_raw_plus_safety_raw,D) clean_negatives + raw_plus_safety_raw,clean_negatives,raw_plus_safety_raw,LogisticRegressionElasticNet,normal_lung_tpm,0.11751375584174079,0.11751375584174079,10
D_clean_negatives_raw_plus_safety_raw,D) clean_negatives + raw_plus_safety_raw,clean_negatives,raw_plus_safety_raw,LogisticRegressionElasticNet,max_tumor_expression,0.11375454852968041,0.11375454852968041,11
D_clean_negatives_raw_plus_safety_raw,D) clean_negatives + raw_plus_safety_raw,clean_negatives,raw_plus_safety_raw,LogisticRegressionElasticNet,nonsense_count,0.05755490363164721,0.05755490363164721,12
D_clean_negatives_raw_plus_safety_raw,D) clean_negatives + raw_plus_safety_raw,clean_negatives,raw_plus_safety_raw,LogisticRegressionElasticNet,frameshift_count,0.040416429362313176,0.040416429362313176,13
D_clean_negatives_raw_plus_safety_raw,D) clean_negatives + raw_plus_safety_raw,clean_negatives,raw_plus_safety_raw,RandomForestClassifier,max_tumor_expression,0.1438300988499039,0.1438300988499039,1
D_clean_negatives_raw_plus_safety_raw,D) clean_negatives + raw_plus_safety_raw,clean_negatives,raw_plus_safety_raw,RandomForestClassifier,mean_tumor_expression,0.13658317504342396,0.13658317504342396,2
D_clean_negatives_raw_plus_safety_raw,D) clean_negatives + raw_plus_safety_raw,clean_negatives,raw_plus_safety_raw,RandomForestClassifier,normal_lung_tpm,0.1318535900757708,0.1318535900757708,3
D_clean_negatives_raw_plus_safety_raw,D) clean_negatives + raw_plus_safety_raw,clean_negatives,raw_plus_safety_raw,RandomForestClassifier,median_tumor_expression,0.12158220133359529,0.12158220133359529,4
D_clean_negatives_raw_plus_safety_raw,D) clean_negatives + raw_plus_safety_raw,clean_negatives,raw_plus_safety_raw,RandomForestClassifier,nonsynonymous_mutation_count,0.06657153605469042,0.06657153605469042,5
D_clean_negatives_raw_plus_safety_raw,D) clean_negatives + raw_plus_safety_raw,clean_negatives,raw_plus_safety_raw,RandomForestClassifier,missense_count,0.06272334385852243,0.06272334385852243,6
D_clean_negatives_raw_plus_safety_raw,D) clean_negatives + raw_plus_safety_raw,clean_negatives,raw_plus_safety_raw,RandomForestClassifier,mutation_count,0.06269843996226074,0.06269843996226074,7
D_clean_negatives_raw_plus_safety_raw,D) clean_negatives + raw_plus_safety_raw,clean_negatives,raw_plus_safety_raw,RandomForestClassifier,mutated_patients,0.062090391315297415,0.062090391315297415,8
D_clean_negatives_raw_plus_safety_raw,D) clean_negatives + raw_plus_safety_raw,clean_negatives,raw_plus_safety_raw,RandomForestClassifier,mutated_samples,0.05988318271519271,0.05988318271519271,9
D_clean_negatives_raw_plus_safety_raw,D) clean_negatives + raw_plus_safety_raw,clean_negatives,raw_plus_safety_raw,RandomForestClassifier,expression_detected_samples,0.051614871641268927,0.051614871641268927,10
D_clean_negatives_raw_plus_safety_raw,D) clean_negatives + raw_plus_safety_raw,clean_negatives,raw_plus_safety_raw,RandomForestClassifier,expression_detection_rate,0.051188476575225336,0.051188476575225336,11
D_clean_negatives_raw_plus_safety_raw,D) clean_negatives + raw_plus_safety_raw,clean_negatives,raw_plus_safety_raw,RandomForestClassifier,nonsense_count,0.028702374143616385,0.028702374143616385,12
D_clean_negatives_raw_plus_safety_raw,D) clean_negatives + raw_plus_safety_raw,clean_negatives,raw_plus_safety_raw,RandomForestClassifier,frameshift_count,0.02067831843123144,0.02067831843123144,13
D_clean_negatives_raw_plus_safety_raw,D) clean_negatives + raw_plus_safety_raw,clean_negatives,raw_plus_safety_raw,XGBoost,mutated_patients,0.19398170709609985,0.19398170709609985,1
D_clean_negatives_raw_plus_safety_raw,D) clean_negatives + raw_plus_safety_raw,clean_negatives,raw_plus_safety_raw,XGBoost,nonsynonymous_mutation_count,0.11137705296278,0.11137705296278,2
D_clean_negatives_raw_plus_safety_raw,D) clean_negatives + raw_plus_safety_raw,clean_negatives,raw_plus_safety_raw,XGBoost,mutated_samples,0.09555789828300476,0.09555789828300476,3
D_clean_negatives_raw_plus_safety_raw,D) clean_negatives + raw_plus_safety_raw,clean_negatives,raw_plus_safety_raw,XGBoost,expression_detected_samples,0.07457805424928665,0.07457805424928665,4
D_clean_negatives_raw_plus_safety_raw,D) clean_negatives + raw_plus_safety_raw,clean_negatives,raw_plus_safety_raw,XGBoost,max_tumor_expression,0.07425805181264877,0.07425805181264877,5
D_clean_negatives_raw_plus_safety_raw,D) clean_negatives + raw_plus_safety_raw,clean_negatives,raw_plus_safety_raw,XGBoost,mean_tumor_expression,0.07097675651311874,0.07097675651311874,6
D_clean_negatives_raw_plus_safety_raw,D) clean_negatives + raw_plus_safety_raw,clean_negatives,raw_plus_safety_raw,XGBoost,missense_count,0.07070855051279068,0.07070855051279068,7
D_clean_negatives_raw_plus_safety_raw,D) clean_negatives + raw_plus_safety_raw,clean_negatives,raw_plus_safety_raw,XGBoost,normal_lung_tpm,0.06815559417009354,0.06815559417009354,8
D_clean_negatives_raw_plus_safety_raw,D) clean_negatives + raw_plus_safety_raw,clean_negatives,raw_plus_safety_raw,XGBoost,median_tumor_expression,0.06734910607337952,0.06734910607337952,9
D_clean_negatives_raw_plus_safety_raw,D) clean_negatives + raw_plus_safety_raw,clean_negatives,raw_plus_safety_raw,XGBoost,nonsense_count,0.061908360570669174,0.061908360570669174,10
D_clean_negatives_raw_plus_safety_raw,D) clean_negatives + raw_plus_safety_raw,clean_negatives,raw_plus_safety_raw,XGBoost,mutation_count,0.056511133909225464,0.056511133909225464,11
D_clean_negatives_raw_plus_safety_raw,D) clean_negatives + raw_plus_safety_raw,clean_negatives,raw_plus_safety_raw,XGBoost,frameshift_count,0.05463775619864464,0.05463775619864464,12
D_clean_negatives_raw_plus_safety_raw,D) clean_negatives + raw_plus_safety_raw,clean_negatives,raw_plus_safety_raw,XGBoost,expression_detection_rate,0.0,0.0,13
E_clean_negatives_derived_scores,E) clean_negatives + derived_scores,clean_negatives,derived_scores,LogisticRegressionElasticNet,mean_tumor_expression,-1.1541404736239802,1.1541404736239802,1
E_clean_negatives_derived_scores,E) clean_negatives + derived_scores,clean_negatives,derived_scores,LogisticRegressionElasticNet,median_tumor_expression,0.9281444480940418,0.9281444480940418,2
E_clean_negatives_derived_scores,E) clean_negatives + derived_scores,clean_negatives,derived_scores,LogisticRegressionElasticNet,mutation_count,-0.7584188012820795,0.7584188012820795,3
E_clean_negatives_derived_scores,E) clean_negatives + derived_scores,clean_negatives,derived_scores,LogisticRegressionElasticNet,mutated_samples,0.47922875431015277,0.47922875431015277,4
E_clean_negatives_derived_scores,E) clean_negatives + derived_scores,clean_negatives,derived_scores,LogisticRegressionElasticNet,ranking_score_v3,0.47569969046601507,0.47569969046601507,5
E_clean_negatives_derived_scores,E) clean_negatives + derived_scores,clean_negatives,derived_scores,LogisticRegressionElasticNet,protein_impact_score,-0.361182428659194,0.361182428659194,6
E_clean_negatives_derived_scores,E) clean_negatives + derived_scores,clean_negatives,derived_scores,LogisticRegressionElasticNet,mutated_patients,0.3160425808075233,0.3160425808075233,7
E_clean_negatives_derived_scores,E) clean_negatives + derived_scores,clean_negatives,derived_scores,LogisticRegressionElasticNet,mutation_frequency_score,0.3160425808074462,0.3160425808074462,8
E_clean_negatives_derived_scores,E) clean_negatives + derived_scores,clean_negatives,derived_scores,LogisticRegressionElasticNet,missense_count,0.24281106745363087,0.24281106745363087,9
E_clean_negatives_derived_scores,E) clean_negatives + derived_scores,clean_negatives,derived_scores,LogisticRegressionElasticNet,ranking_score_v4,0.2106912098280253,0.2106912098280253,10
E_clean_negatives_derived_scores,E) clean_negatives + derived_scores,clean_negatives,derived_scores,LogisticRegressionElasticNet,normal_lung_tpm,0.12445643356340944,0.12445643356340944,11
E_clean_negatives_derived_scores,E) clean_negatives + derived_scores,clean_negatives,derived_scores,LogisticRegressionElasticNet,nonsynonymous_mutation_count,0.10224927074014538,0.10224927074014538,12
E_clean_negatives_derived_scores,E) clean_negatives + derived_scores,clean_negatives,derived_scores,LogisticRegressionElasticNet,max_tumor_expression,0.07548879402807948,0.07548879402807948,13
E_clean_negatives_derived_scores,E) clean_negatives + derived_scores,clean_negatives,derived_scores,LogisticRegressionElasticNet,nonsense_count,0.0742193856301018,0.0742193856301018,14
E_clean_negatives_derived_scores,E) clean_negatives + derived_scores,clean_negatives,derived_scores,LogisticRegressionElasticNet,frameshift_count,0.04775141392724798,0.04775141392724798,15
E_clean_negatives_derived_scores,E) clean_negatives + derived_scores,clean_negatives,derived_scores,LogisticRegressionElasticNet,safety_penalty,0.04085167145846676,0.04085167145846676,16
E_clean_negatives_derived_scores,E) clean_negatives + derived_scores,clean_negatives,derived_scores,LogisticRegressionElasticNet,safety_score,-0.04085167145843254,0.04085167145843254,17
E_clean_negatives_derived_scores,E) clean_negatives + derived_scores,clean_negatives,derived_scores,LogisticRegressionElasticNet,expression_score,0.034472109275476906,0.034472109275476906,18
E_clean_negatives_derived_scores,E) clean_negatives + derived_scores,clean_negatives,derived_scores,LogisticRegressionElasticNet,expression_detection_rate,-0.01585404615547678,0.01585404615547678,19
E_clean_negatives_derived_scores,E) clean_negatives + derived_scores,clean_negatives,derived_scores,LogisticRegressionElasticNet,expression_detected_samples,-0.01585404615546806,0.01585404615546806,20
E_clean_negatives_derived_scores,E) clean_negatives + derived_scores,clean_negatives,derived_scores,RandomForestClassifier,max_tumor_expression,0.09483667444777129,0.09483667444777129,1
E_clean_negatives_derived_scores,E) clean_negatives + derived_scores,clean_negatives,derived_scores,RandomForestClassifier,ranking_score_v4,0.0911134662643754,0.0911134662643754,2
E_clean_negatives_derived_scores,E) clean_negatives + derived_scores,clean_negatives,derived_scores,RandomForestClassifier,ranking_score_v3,0.0861892105305378,0.0861892105305378,3
E_clean_negatives_derived_scores,E) clean_negatives + derived_scores,clean_negatives,derived_scores,RandomForestClassifier,normal_lung_tpm,0.08559391355411415,0.08559391355411415,4
E_clean_negatives_derived_scores,E) clean_negatives + derived_scores,clean_negatives,derived_scores,RandomForestClassifier,expression_score,0.08106536678439133,0.08106536678439133,5
E_clean_negatives_derived_scores,E) clean_negatives + derived_scores,clean_negatives,derived_scores,RandomForestClassifier,mean_tumor_expression,0.08104202050182954,0.08104202050182954,6
E_clean_negatives_derived_scores,E) clean_negatives + derived_scores,clean_negatives,derived_scores,RandomForestClassifier,median_tumor_expression,0.07680735826448677,0.07680735826448677,7
E_clean_negatives_derived_scores,E) clean_negatives + derived_scores,clean_negatives,derived_scores,RandomForestClassifier,missense_count,0.04351966593688298,0.04351966593688298,8
E_clean_negatives_derived_scores,E) clean_negatives + derived_scores,clean_negatives,derived_scores,RandomForestClassifier,nonsynonymous_mutation_count,0.04304493020761581,0.04304493020761581,9
E_clean_negatives_derived_scores,E) clean_negatives + derived_scores,clean_negatives,derived_scores,RandomForestClassifier,mutated_samples,0.04074948087467965,0.04074948087467965,10
E_clean_negatives_derived_scores,E) clean_negatives + derived_scores,clean_negatives,derived_scores,RandomForestClassifier,mutated_patients,0.04019254167933288,0.04019254167933288,11
E_clean_negatives_derived_scores,E) clean_negatives + derived_scores,clean_negatives,derived_scores,RandomForestClassifier,mutation_frequency_score,0.040132480683164634,0.040132480683164634,12
E_clean_negatives_derived_scores,E) clean_negatives + derived_scores,clean_negatives,derived_scores,RandomForestClassifier,mutation_count,0.03931770011526325,0.03931770011526325,13
E_clean_negatives_derived_scores,E) clean_negatives + derived_scores,clean_negatives,derived_scores,RandomForestClassifier,protein_impact_score,0.03614758400551965,0.03614758400551965,14
E_clean_negatives_derived_scores,E) clean_negatives + derived_scores,clean_negatives,derived_scores,RandomForestClassifier,expression_detection_rate,0.03499264902463222,0.03499264902463222,15
E_clean_negatives_derived_scores,E) clean_negatives + derived_scores,clean_negatives,derived_scores,RandomForestClassifier,expression_detected_samples,0.03450768847884708,0.03450768847884708,16
E_clean_negatives_derived_scores,E) clean_negatives + derived_scores,clean_negatives,derived_scores,RandomForestClassifier,nonsense_count,0.02075468576964701,0.02075468576964701,17
E_clean_negatives_derived_scores,E) clean_negatives + derived_scores,clean_negatives,derived_scores,RandomForestClassifier,frameshift_count,0.01446556994235168,0.01446556994235168,18
E_clean_negatives_derived_scores,E) clean_negatives + derived_scores,clean_negatives,derived_scores,RandomForestClassifier,safety_penalty,0.007792526908099418,0.007792526908099418,19
E_clean_negatives_derived_scores,E) clean_negatives + derived_scores,clean_negatives,derived_scores,RandomForestClassifier,safety_score,0.007734486026457452,0.007734486026457452,20
E_clean_negatives_derived_scores,E) clean_negatives + derived_scores,clean_negatives,derived_scores,XGBoost,mutated_patients,0.17609001696109772,0.17609001696109772,1
E_clean_negatives_derived_scores,E) clean_negatives + derived_scores,clean_negatives,derived_scores,XGBoost,nonsynonymous_mutation_count,0.11666356772184372,0.11666356772184372,2
E_clean_negatives_derived_scores,E) clean_negatives + derived_scores,clean_negatives,derived_scores,XGBoost,mutated_samples,0.06767747551202774,0.06767747551202774,3
E_clean_negatives_derived_scores,E) clean_negatives + derived_scores,clean_negatives,derived_scores,XGBoost,expression_score,0.06752143800258636,0.06752143800258636,4
E_clean_negatives_derived_scores,E) clean_negatives + derived_scores,clean_negatives,derived_scores,XGBoost,ranking_score_v4,0.06593982875347137,0.06593982875347137,5
E_clean_negatives_derived_scores,E) clean_negatives + derived_scores,clean_negatives,derived_scores,XGBoost,mean_tumor_expression,0.052870042622089386,0.052870042622089386,6
E_clean_negatives_derived_scores,E) clean_negatives + derived_scores,clean_negatives,derived_scores,XGBoost,ranking_score_v3,0.05242248624563217,0.05242248624563217,7
E_clean_negatives_derived_scores,E) clean_negatives + derived_scores,clean_negatives,derived_scores,XGBoost,normal_lung_tpm,0.05151659622788429,0.05151659622788429,8
E_clean_negatives_derived_scores,E) clean_negatives + derived_scores,clean_negatives,derived_scores,XGBoost,median_tumor_expression,0.05084522068500519,0.05084522068500519,9
E_clean_negatives_derived_scores,E) clean_negatives + derived_scores,clean_negatives,derived_scores,XGBoost,max_tumor_expression,0.05071800947189331,0.05071800947189331,10
E_clean_negatives_derived_scores,E) clean_negatives + derived_scores,clean_negatives,derived_scores,XGBoost,expression_detected_samples,0.049117524176836014,0.049117524176836014,11
E_clean_negatives_derived_scores,E) clean_negatives + derived_scores,clean_negatives,derived_scores,XGBoost,missense_count,0.04478519782423973,0.04478519782423973,12
E_clean_negatives_derived_scores,E) clean_negatives + derived_scores,clean_negatives,derived_scores,XGBoost,nonsense_count,0.04145561158657074,0.04145561158657074,13
E_clean_negatives_derived_scores,E) clean_negatives + derived_scores,clean_negatives,derived_scores,XGBoost,protein_impact_score,0.04044245928525925,0.04044245928525925,14
E_clean_negatives_derived_scores,E) clean_negatives + derived_scores,clean_negatives,derived_scores,XGBoost,mutation_count,0.03791535645723343,0.03791535645723343,15
E_clean_negatives_derived_scores,E) clean_negatives + derived_scores,clean_negatives,derived_scores,XGBoost,frameshift_count,0.03401920944452286,0.03401920944452286,16
E_clean_negatives_derived_scores,E) clean_negatives + derived_scores,clean_negatives,derived_scores,XGBoost,expression_detection_rate,0.0,0.0,17
E_clean_negatives_derived_scores,E) clean_negatives + derived_scores,clean_negatives,derived_scores,XGBoost,mutation_frequency_score,0.0,0.0,18
E_clean_negatives_derived_scores,E) clean_negatives + derived_scores,clean_negatives,derived_scores,XGBoost,safety_score,0.0,0.0,19
E_clean_negatives_derived_scores,E) clean_negatives + derived_scores,clean_negatives,derived_scores,XGBoost,safety_penalty,0.0,0.0,20
F_clean_negatives_knowledge_augmented,F) clean_negatives + knowledge_augmented,clean_negatives,knowledge_augmented,LogisticRegressionElasticNet,mean_tumor_expression,-1.1566851862428502,1.1566851862428502,1
F_clean_negatives_knowledge_augmented,F) clean_negatives + knowledge_augmented,clean_negatives,knowledge_augmented,LogisticRegressionElasticNet,median_tumor_expression,0.9306962492779687,0.9306962492779687,2
F_clean_negatives_knowledge_augmented,F) clean_negatives + knowledge_augmented,clean_negatives,knowledge_augmented,LogisticRegressionElasticNet,mutation_count,-0.8402731084804267,0.8402731084804267,3
F_clean_negatives_knowledge_augmented,F) clean_negatives + knowledge_augmented,clean_negatives,knowledge_augmented,LogisticRegressionElasticNet,mutated_samples,0.5286438656588582,0.5286438656588582,4
F_clean_negatives_knowledge_augmented,F) clean_negatives + knowledge_augmented,clean_negatives,knowledge_augmented,LogisticRegressionElasticNet,mutated_patients,0.3677098341086224,0.3677098341086224,5
F_clean_negatives_knowledge_augmented,F) clean_negatives + knowledge_augmented,clean_negatives,knowledge_augmented,LogisticRegressionElasticNet,mutation_frequency_score,0.36770983410859065,0.36770983410859065,6
F_clean_negatives_knowledge_augmented,F) clean_negatives + knowledge_augmented,clean_negatives,knowledge_augmented,LogisticRegressionElasticNet,expression_score,0.3480402354358372,0.3480402354358372,7
F_clean_negatives_knowledge_augmented,F) clean_negatives + knowledge_augmented,clean_negatives,knowledge_augmented,LogisticRegressionElasticNet,missense_count,0.2578503290426861,0.2578503290426861,8
F_clean_negatives_knowledge_augmented,F) clean_negatives + knowledge_augmented,clean_negatives,knowledge_augmented,LogisticRegressionElasticNet,luad_relevance_score,0.22434669793286055,0.22434669793286055,9
F_clean_negatives_knowledge_augmented,F) clean_negatives + knowledge_augmented,clean_negatives,knowledge_augmented,LogisticRegressionElasticNet,targetability_score,0.15603089146332863,0.15603089146332863,10
F_clean_negatives_knowledge_augmented,F) clean_negatives + knowledge_augmented,clean_negatives,knowledge_augmented,LogisticRegressionElasticNet,normal_lung_tpm,0.1237965692677964,0.1237965692677964,11
F_clean_negatives_knowledge_augmented,F) clean_negatives + knowledge_augmented,clean_negatives,knowledge_augmented,LogisticRegressionElasticNet,dormancy_evidence_score,0.11898363665240622,0.11898363665240622,12
F_clean_negatives_knowledge_augmented,F) clean_negatives + knowledge_augmented,clean_negatives,knowledge_augmented,LogisticRegressionElasticNet,ranking_score_v3,0.10058773580408943,0.10058773580408943,13
F_clean_negatives_knowledge_augmented,F) clean_negatives + knowledge_augmented,clean_negatives,knowledge_augmented,LogisticRegressionElasticNet,nonsynonymous_mutation_count,0.08268577429411297,0.08268577429411297,14
F_clean_negatives_knowledge_augmented,F) clean_negatives + knowledge_augmented,clean_negatives,knowledge_augmented,LogisticRegressionElasticNet,nonsense_count,0.07672311107085632,0.07672311107085632,15
F_clean_negatives_knowledge_augmented,F) clean_negatives + knowledge_augmented,clean_negatives,knowledge_augmented,LogisticRegressionElasticNet,max_tumor_expression,0.07601835585856172,0.07601835585856172,16
F_clean_negatives_knowledge_augmented,F) clean_negatives + knowledge_augmented,clean_negatives,knowledge_augmented,LogisticRegressionElasticNet,ranking_score_v4,0.0749249521922123,0.0749249521922123,17
F_clean_negatives_knowledge_augmented,F) clean_negatives + knowledge_augmented,clean_negatives,knowledge_augmented,LogisticRegressionElasticNet,passenger_penalty,0.06390175032710897,0.06390175032710897,18
F_clean_negatives_knowledge_augmented,F) clean_negatives + knowledge_augmented,clean_negatives,knowledge_augmented,LogisticRegressionElasticNet,frameshift_count,0.044392810886569795,0.044392810886569795,19
F_clean_negatives_knowledge_augmented,F) clean_negatives + knowledge_augmented,clean_negatives,knowledge_augmented,LogisticRegressionElasticNet,expression_detected_samples,-0.014436308839332808,0.014436308839332808,20
F_clean_negatives_knowledge_augmented,F) clean_negatives + knowledge_augmented,clean_negatives,knowledge_augmented,LogisticRegressionElasticNet,expression_detection_rate,-0.014436308839309494,0.014436308839309494,21
F_clean_negatives_knowledge_augmented,F) clean_negatives + knowledge_augmented,clean_negatives,knowledge_augmented,LogisticRegressionElasticNet,safety_score,0.011901614687148175,0.011901614687148175,22
F_clean_negatives_knowledge_augmented,F) clean_negatives + knowledge_augmented,clean_negatives,knowledge_augmented,LogisticRegressionElasticNet,safety_penalty,-0.011901614687147627,0.011901614687147627,23
F_clean_negatives_knowledge_augmented,F) clean_negatives + knowledge_augmented,clean_negatives,knowledge_augmented,LogisticRegressionElasticNet,protein_impact_score,-0.009396917853615868,0.009396917853615868,24
F_clean_negatives_knowledge_augmented,F) clean_negatives + knowledge_augmented,clean_negatives,knowledge_augmented,RandomForestClassifier,max_tumor_expression,0.09191716375879265,0.09191716375879265,1
F_clean_negatives_knowledge_augmented,F) clean_negatives + knowledge_augmented,clean_negatives,knowledge_augmented,RandomForestClassifier,ranking_score_v4,0.0904534164866528,0.0904534164866528,2
F_clean_negatives_knowledge_augmented,F) clean_negatives + knowledge_augmented,clean_negatives,knowledge_augmented,RandomForestClassifier,ranking_score_v3,0.08575534315338672,0.08575534315338672,3
F_clean_negatives_knowledge_augmented,F) clean_negatives + knowledge_augmented,clean_negatives,knowledge_augmented,RandomForestClassifier,normal_lung_tpm,0.08398012766690682,0.08398012766690682,4
F_clean_negatives_knowledge_augmented,F) clean_negatives + knowledge_augmented,clean_negatives,knowledge_augmented,RandomForestClassifier,mean_tumor_expression,0.08063862796990998,0.08063862796990998,5
F_clean_negatives_knowledge_augmented,F) clean_negatives + knowledge_augmented,clean_negatives,knowledge_augmented,RandomForestClassifier,expression_score,0.08014761094327082,0.08014761094327082,6
F_clean_negatives_knowledge_augmented,F) clean_negatives + knowledge_augmented,clean_negatives,knowledge_augmented,RandomForestClassifier,median_tumor_expression,0.07622295579139245,0.07622295579139245,7
F_clean_negatives_knowledge_augmented,F) clean_negatives + knowledge_augmented,clean_negatives,knowledge_augmented,RandomForestClassifier,mutated_samples,0.04297767182857184,0.04297767182857184,8
F_clean_negatives_knowledge_augmented,F) clean_negatives + knowledge_augmented,clean_negatives,knowledge_augmented,RandomForestClassifier,missense_count,0.04263553197401601,0.04263553197401601,9
F_clean_negatives_knowledge_augmented,F) clean_negatives + knowledge_augmented,clean_negatives,knowledge_augmented,RandomForestClassifier,nonsynonymous_mutation_count,0.04129897524169487,0.04129897524169487,10
F_clean_negatives_knowledge_augmented,F) clean_negatives + knowledge_augmented,clean_negatives,knowledge_augmented,RandomForestClassifier,mutated_patients,0.04126230148056363,0.04126230148056363,11
F_clean_negatives_knowledge_augmented,F) clean_negatives + knowledge_augmented,clean_negatives,knowledge_augmented,RandomForestClassifier,mutation_frequency_score,0.04099043437277301,0.04099043437277301,12
F_clean_negatives_knowledge_augmented,F) clean_negatives + knowledge_augmented,clean_negatives,knowledge_augmented,RandomForestClassifier,mutation_count,0.039947292211966245,0.039947292211966245,13
F_clean_negatives_knowledge_augmented,F) clean_negatives + knowledge_augmented,clean_negatives,knowledge_augmented,RandomForestClassifier,protein_impact_score,0.036923443694176356,0.036923443694176356,14
F_clean_negatives_knowledge_augmented,F) clean_negatives + knowledge_augmented,clean_negatives,knowledge_augmented,RandomForestClassifier,expression_detection_rate,0.03572956914325149,0.03572956914325149,15
F_clean_negatives_knowledge_augmented,F) clean_negatives + knowledge_augmented,clean_negatives,knowledge_augmented,RandomForestClassifier,expression_detected_samples,0.03557988339462801,0.03557988339462801,16
F_clean_negatives_knowledge_augmented,F) clean_negatives + knowledge_augmented,clean_negatives,knowledge_augmented,RandomForestClassifier,nonsense_count,0.021039630408364825,0.021039630408364825,17
F_clean_negatives_knowledge_augmented,F) clean_negatives + knowledge_augmented,clean_negatives,knowledge_augmented,RandomForestClassifier,frameshift_count,0.015055498630348187,0.015055498630348187,18
F_clean_negatives_knowledge_augmented,F) clean_negatives + knowledge_augmented,clean_negatives,knowledge_augmented,RandomForestClassifier,safety_score,0.008652972047379219,0.008652972047379219,19
F_clean_negatives_knowledge_augmented,F) clean_negatives + knowledge_augmented,clean_negatives,knowledge_augmented,RandomForestClassifier,safety_penalty,0.00861650688403238,0.00861650688403238,20
F_clean_negatives_knowledge_augmented,F) clean_negatives + knowledge_augmented,clean_negatives,knowledge_augmented,RandomForestClassifier,dormancy_evidence_score,5.800402551638161e-05,5.800402551638161e-05,21
F_clean_negatives_knowledge_augmented,F) clean_negatives + knowledge_augmented,clean_negatives,knowledge_augmented,RandomForestClassifier,luad_relevance_score,5.282970062886611e-05,5.282970062886611e-05,22
F_clean_negatives_knowledge_augmented,F) clean_negatives + knowledge_augmented,clean_negatives,knowledge_augmented,RandomForestClassifier,targetability_score,3.280762498247399e-05,3.280762498247399e-05,23
F_clean_negatives_knowledge_augmented,F) clean_negatives + knowledge_augmented,clean_negatives,knowledge_augmented,RandomForestClassifier,passenger_penalty,3.140156679404818e-05,3.140156679404818e-05,24
F_clean_negatives_knowledge_augmented,F) clean_negatives + knowledge_augmented,clean_negatives,knowledge_augmented,XGBoost,mutated_patients,0.17609001696109772,0.17609001696109772,1
F_clean_negatives_knowledge_augmented,F) clean_negatives + knowledge_augmented,clean_negatives,knowledge_augmented,XGBoost,nonsynonymous_mutation_count,0.11666356027126312,0.11666356027126312,2
F_clean_negatives_knowledge_augmented,F) clean_negatives + knowledge_augmented,clean_negatives,knowledge_augmented,XGBoost,mutated_samples,0.06767746806144714,0.06767746806144714,3
F_clean_negatives_knowledge_augmented,F) clean_negatives + knowledge_augmented,clean_negatives,knowledge_augmented,XGBoost,expression_score,0.06752143055200577,0.06752143055200577,4
F_clean_negatives_knowledge_augmented,F) clean_negatives + knowledge_augmented,clean_negatives,knowledge_augmented,XGBoost,ranking_score_v4,0.06593982875347137,0.06593982875347137,5
F_clean_negatives_knowledge_augmented,F) clean_negatives + knowledge_augmented,clean_negatives,knowledge_augmented,XGBoost,mean_tumor_expression,0.05287003889679909,0.05287003889679909,6
F_clean_negatives_knowledge_augmented,F) clean_negatives + knowledge_augmented,clean_negatives,knowledge_augmented,XGBoost,ranking_score_v3,0.05242248252034187,0.05242248252034187,7
F_clean_negatives_knowledge_augmented,F) clean_negatives + knowledge_augmented,clean_negatives,knowledge_augmented,XGBoost,normal_lung_tpm,0.051516592502593994,0.051516592502593994,8
F_clean_negatives_knowledge_augmented,F) clean_negatives + knowledge_augmented,clean_negatives,knowledge_augmented,XGBoost,median_tumor_expression,0.05084521695971489,0.05084521695971489,9
F_clean_negatives_knowledge_augmented,F) clean_negatives + knowledge_augmented,clean_negatives,knowledge_augmented,XGBoost,max_tumor_expression,0.05071800574660301,0.05071800574660301,10
F_clean_negatives_knowledge_augmented,F) clean_negatives + knowledge_augmented,clean_negatives,knowledge_augmented,XGBoost,expression_detected_samples,0.049117524176836014,0.049117524176836014,11
F_clean_negatives_knowledge_augmented,F) clean_negatives + knowledge_augmented,clean_negatives,knowledge_augmented,XGBoost,missense_count,0.04478519409894943,0.04478519409894943,12
F_clean_negatives_knowledge_augmented,F) clean_negatives + knowledge_augmented,clean_negatives,knowledge_augmented,XGBoost,nonsense_count,0.04145560786128044,0.04145560786128044,13
F_clean_negatives_knowledge_augmented,F) clean_negatives + knowledge_augmented,clean_negatives,knowledge_augmented,XGBoost,protein_impact_score,0.04044245555996895,0.04044245555996895,14
F_clean_negatives_knowledge_augmented,F) clean_negatives + knowledge_augmented,clean_negatives,knowledge_augmented,XGBoost,mutation_count,0.03791535645723343,0.03791535645723343,15
F_clean_negatives_knowledge_augmented,F) clean_negatives + knowledge_augmented,clean_negatives,knowledge_augmented,XGBoost,frameshift_count,0.03401920944452286,0.03401920944452286,16
F_clean_negatives_knowledge_augmented,F) clean_negatives + knowledge_augmented,clean_negatives,knowledge_augmented,XGBoost,expression_detection_rate,0.0,0.0,17
F_clean_negatives_knowledge_augmented,F) clean_negatives + knowledge_augmented,clean_negatives,knowledge_augmented,XGBoost,mutation_frequency_score,0.0,0.0,18
F_clean_negatives_knowledge_augmented,F) clean_negatives + knowledge_augmented,clean_negatives,knowledge_augmented,XGBoost,safety_score,0.0,0.0,19
F_clean_negatives_knowledge_augmented,F) clean_negatives + knowledge_augmented,clean_negatives,knowledge_augmented,XGBoost,safety_penalty,0.0,0.0,20
F_clean_negatives_knowledge_augmented,F) clean_negatives + knowledge_augmented,clean_negatives,knowledge_augmented,XGBoost,luad_relevance_score,0.0,0.0,21
F_clean_negatives_knowledge_augmented,F) clean_negatives + knowledge_augmented,clean_negatives,knowledge_augmented,XGBoost,targetability_score,0.0,0.0,22
F_clean_negatives_knowledge_augmented,F) clean_negatives + knowledge_augmented,clean_negatives,knowledge_augmented,XGBoost,dormancy_evidence_score,0.0,0.0,23
F_clean_negatives_knowledge_augmented,F) clean_negatives + knowledge_augmented,clean_negatives,knowledge_augmented,XGBoost,passenger_penalty,0.0,0.0,24
