experiment,experiment_label,negative_strategy,feature_set,model_name,status,accuracy,balanced_accuracy,precision,recall,f1_score,mcc,roc_auc,pr_auc,tn,fp,fn,tp,evaluation_strategy,positive_genes,negative_genes,total_genes,is_best_model,warning
A_random_negatives_raw_features,A) random_negatives + raw_features,random_negatives,raw_features,LogisticRegressionElasticNet,OK,0.6646868813170782,0.6291028446389497,0.4971734602796787,0.5223507346045639,0.5094512195121951,0.255157145913052,0.6855958621017176,0.5540191264177119,4708,1690,1528,1671,stratified_5_fold_cross_validation,3199,6398,9597,True,
A_random_negatives_raw_features,A) random_negatives + raw_features,random_negatives,raw_features,RandomForestClassifier,OK,0.6843805355840367,0.590887777430447,0.5468061674008811,0.310409502969678,0.396011964107677,0.21877066510598708,0.6578200821001328,0.5106268495105339,5575,823,2206,993,stratified_5_fold_cross_validation,3199,6398,9597,False,
A_random_negatives_raw_features,A) random_negatives + raw_features,random_negatives,raw_features,XGBoost,OK,0.6786495779931229,0.5876836511409815,0.5302790942601369,0.31478587058455765,0.39505688505296194,0.20750397631620687,0.6508944407740737,0.5016908250599222,5506,892,2192,1007,stratified_5_fold_cross_validation,3199,6398,9597,False,
B_clean_negatives_raw_features,B) clean_negatives + raw_features,clean_negatives,raw_features,LogisticRegressionElasticNet,OK,0.6657288736063353,0.6283213504220069,0.4986408939897312,0.5160987808690216,0.5072196620583718,0.25450210352031044,0.6840029477404875,0.5548226990112537,4738,1660,1548,1651,stratified_5_fold_cross_validation,3199,6398,9597,True,
B_clean_negatives_raw_features,B) clean_negatives + raw_features,clean_negatives,raw_features,RandomForestClassifier,OK,0.6874023132228821,0.5926070647077212,0.5561195713479977,0.3082213191622382,0.39662107803700725,0.2249751571354079,0.6581403750253698,0.5178974788220913,5611,787,2213,986,stratified_5_fold_cross_validation,3199,6398,9597,False,
B_clean_negatives_raw_features,B) clean_negatives + raw_features,clean_negatives,raw_features,XGBoost,OK,0.6899030947170991,0.5983901219130978,0.560302866414278,0.3238512035010941,0.410459587955626,0.23520549874981275,0.6485141935864023,0.5151882776722447,5585,813,2163,1036,stratified_5_fold_cross_validation,3199,6398,9597,False,
C_random_negatives_raw_plus_safety_raw,C) random_negatives + raw_plus_safety_raw,random_negatives,raw_plus_safety_raw,LogisticRegressionElasticNet,OK,0.6664582682088153,0.6312910284463895,0.49970291146761736,0.5257893091591123,0.5124143183549125,0.2593930599936027,0.6864798373514855,0.553684706322657,4714,1684,1517,1682,stratified_5_fold_cross_validation,3199,6398,9597,True,
C_random_negatives_raw_plus_safety_raw,C) random_negatives + raw_plus_safety_raw,random_negatives,raw_plus_safety_raw,RandomForestClassifier,OK,0.6914660831509847,0.5926070647077212,0.5718599033816425,0.2960300093779306,0.3901132852729145,0.23106575630688775,0.6675085583266339,0.5208553733089483,5689,709,2252,947,stratified_5_fold_cross_validation,3199,6398,9597,False,
C_random_negatives_raw_plus_safety_raw,C) random_negatives + raw_plus_safety_raw,random_negatives,raw_plus_safety_raw,XGBoost,OK,0.6737522142336146,0.583619881212879,0.5175619834710744,0.31322288215067207,0.3902629016553067,0.1964596528033701,0.6450186009792643,0.49476777272944455,5464,934,2197,1002,stratified_5_fold_cross_validation,3199,6398,9597,False,
D_clean_negatives_raw_plus_safety_raw,D) clean_negatives + raw_plus_safety_raw,clean_negatives,raw_plus_safety_raw,LogisticRegressionElasticNet,OK,0.6673960612691466,0.6294935917474211,0.5010628606134224,0.5157861831822445,0.5083179297597042,0.2571600745502323,0.6851124301211275,0.5552142289280309,4755,1643,1549,1650,stratified_5_fold_cross_validation,3199,6398,9597,True,
D_clean_negatives_raw_plus_safety_raw,D) clean_negatives + raw_plus_safety_raw,clean_negatives,raw_plus_safety_raw,RandomForestClassifier,OK,0.6962592476815671,0.5976867771178493,0.5861650485436893,0.30196936542669583,0.39859707035279557,0.24420815526858988,0.6716748581462185,0.5312546054078593,5716,682,2233,966,stratified_5_fold_cross_validation,3199,6398,9597,False,
D_clean_negatives_raw_plus_safety_raw,D) clean_negatives + raw_plus_safety_raw,clean_negatives,raw_plus_safety_raw,XGBoost,OK,0.685318328644368,0.5938574554548296,0.5479892761394102,0.31947483588621445,0.40363349131121645,0.22363649076272357,0.6555290752492695,0.5135546921909648,5555,843,2177,1022,stratified_5_fold_cross_validation,3199,6398,9597,False,
E_clean_negatives_derived_scores,E) clean_negatives + derived_scores,clean_negatives,derived_scores,LogisticRegressionElasticNet,OK,0.6643742836303012,0.6333229134104408,0.4968372627947096,0.5401688027508597,0.5175977235285307,0.2614923653732522,0.689945186450009,0.5636954392337552,4648,1750,1471,1728,stratified_5_fold_cross_validation,3199,6398,9597,True,
E_clean_negatives_derived_scores,E) clean_negatives + derived_scores,clean_negatives,derived_scores,RandomForestClassifier,OK,0.6982390330311555,0.602922788371366,0.5878260869565217,0.3169740543919975,0.41186027619821286,0.25271655035835405,0.6698110469618661,0.5456899691616772,5687,711,2185,1014,stratified_5_fold_cross_validation,3199,6398,9597,False,
E_clean_negatives_derived_scores,E) clean_negatives + derived_scores,clean_negatives,derived_scores,XGBoost,OK,0.6893820985724706,0.5992497655517349,0.5577942735949099,0.328852766489528,0.41376597836774826,0.23548460897306187,0.6567821532225069,0.5403055524990775,5564,834,2147,1052,stratified_5_fold_cross_validation,3199,6398,9597,False,
F_clean_negatives_knowledge_augmented,F) clean_negatives + knowledge_augmented,clean_negatives,knowledge_augmented,LogisticRegressionElasticNet,OK,0.6642700844013755,0.6326977180368866,0.49668109668109667,0.5379806189434199,0.5165066026410564,0.26047736837120156,0.6900957688305418,0.5655725268996283,4654,1744,1478,1721,stratified_5_fold_cross_validation,3199,6398,9597,True,
F_clean_negatives_knowledge_augmented,F) clean_negatives + knowledge_augmented,clean_negatives,knowledge_augmented,RandomForestClassifier,OK,0.7005314160675211,0.6053454204438887,0.5944218477629285,0.31978743357299155,0.41585365853658535,0.2588997347393893,0.6705223312888592,0.5471216988715086,5700,698,2176,1023,stratified_5_fold_cross_validation,3199,6398,9597,False,
F_clean_negatives_knowledge_augmented,F) clean_negatives + knowledge_augmented,clean_negatives,knowledge_augmented,XGBoost,OK,0.6893820985724706,0.5992497655517349,0.5577942735949099,0.328852766489528,0.41376597836774826,0.23548460897306187,0.6567821532225069,0.5403055524990775,5564,834,2147,1052,stratified_5_fold_cross_validation,3199,6398,9597,False,
